<?xml version="1.0" encoding="UTF-8"?><response protocol="3.1" server="prod"><daystart elapsed_days="4398" elapsed_seconds="2896"/><app appid="oimompecagnajdejgnnjijobebaeigek" cohort="" cohortname="" status="ok"><updatecheck status="noupdate"/><ping status="ok"/></app><app appid="mimojjlkmoijpicakmndhoigimigcmbb" cohort="1:d0j:" cohortname="Chrome [M50... M99]" status="ok"><updatecheck status="noupdate"/><ping status="ok"/></app><app appid="hnimpnehoodheedghdeeijklkeaacbdc" cohort="" cohortname="" status="ok"><updatecheck status="noupdate"/><ping status="ok"/></app><app appid="gcmjkmgdlgnkkcocmoeiminaijmmjnii" cohort="1:bm1:" cohortname="M54ToM99" status="ok"><updatecheck status="noupdate"/><ping status="ok"/></app><app appid="llkgjffcdpffmhiakmfcdcblohccpfmo" status="error-unknownApplication"/><app appid="ojjgnpkioondelmggbekfhllhdaimnho" cohort="1:0:" cohortname="Auto" status="ok"><updatecheck status="noupdate"/><ping status="ok"/></app><app appid="khaoiebndkojlmppeemjhbpbandiljpe" cohort="1:cux:" cohortname="Auto" status="ok"><updatecheck status="noupdate"/><ping status="ok"/></app><app appid="hfnkpimlhhgieaddgfemjhofmfblmnib" cohort="1:jcl:" cohortname="Auto" status="ok"><updatecheck status="noupdate"/><ping status="ok"/></app><app appid="giekcmmlnklenlaomppkphknjmnnpneh" cohort="1:j5l:" cohortname="Auto" status="ok"><updatecheck status="noupdate"/><ping status="ok"/></app><app appid="aemomkdncapdnfajjbbcbdebjljbpmpj" cohort="" cohortname="" status="ok"><updatecheck status="noupdate"/><ping status="ok"/></app><app appid="gkmgaooipdjhmangpemjhigmamcehddo" cohort="1:lsl:" cohortname="ESET Stable" status="ok"><updatecheck status="noupdate"/><ping status="ok"/></app><app appid="copjbmjbojbakpaedmpkhmiplmmehfck" cohort="1:p1x:" cohortname="Auto" status="ok"><updatecheck status="noupdate"/><ping status="ok"/></app><app appid="npdjjkjlcidkjlamlmmdelcjbcpdjocm" cohort="" cohortname="" status="ok"><updatecheck status="noupdate"/><ping status="ok"/></app></response>